{
  "accuracy": 0.9981,
  "average_confidence": 0.9984951335424799,
  "classification_report": {
    "APPROVE": {
      "precision": 0.9971671388101983,
      "recall": 0.9992902767920511,
      "f1-score": 0.9982275788727402,
      "support": 1409.0
    },
    "HOLD": {
      "precision": 0.9967793880837359,
      "recall": 0.9975825946817083,
      "f1-score": 0.9971808296415626,
      "support": 2482.0
    },
    "PRIORITY_OVERRIDE": {
      "precision": 0.9972027972027973,
      "recall": 0.9965059399021663,
      "f1-score": 0.9968542467668647,
      "support": 1431.0
    },
    "REROUTE": {
      "precision": 0.9993581514762516,
      "recall": 0.9985036340316374,
      "f1-score": 0.9989307100085543,
      "support": 4678.0
    },
    "accuracy": 0.9981,
    "macro avg": {
      "precision": 0.9976268688932457,
      "recall": 0.9979706113518907,
      "f1-score": 0.9977983413224304,
      "support": 10000.0
    },
    "weighted avg": {
      "precision": 0.998100957521051,
      "recall": 0.9981,
      "f1-score": 0.9981001766345449,
      "support": 10000.0
    }
  }
}